-71,IPhone 4s White 16gb Smart Phone Mobile Phone 3.5-inch Screen (Gift:accessories),"11,990","42,000","https://ng.jumia.is/SoCg2-9w_LlH49tw58xBzm9Gqbw=/fit-in/220x220/filters:fill(white):sharpen(1,0,false):quality(100)/product/94/884193/1.jpg?5329",https://www.jumia.com.ng/apple-iphone-4s-white-16gb-smart-phone-mobile-phone-3.5-inch-screen-giftaccessories-39148849.html
-64,IPhone 6 4.7 Inch 1GB + 16GB 8MP + 1.2MP Finger Sensor 4G LTE Smartphone (Gift) – Silver,"43,800","120,000","https://ng.jumia.is/m8Km7Kb2Nt_sajza9UhMIkXbZgM=/fit-in/220x220/filters:fill(white):sharpen(1,0,false):quality(100)/product/33/370852/1.jpg?2514",https://www.jumia.com.ng/iphone-6-4.7-inch-1gb-16gb-8mp-1.2mp-no-finger-sensor-4g-lte-smartphone-gift-silver-apple-mpg850862.html
-59,IPhone 5 - 16GB ROM +1GB RAM -8 MP- 4 Inch - Apple Smartphones 95% New,"18,800","45,999","https://ng.jumia.is/GOVy9YBm7rCWt6N5g0SItqMIWM4=/fit-in/220x220/filters:fill(white):sharpen(1,0,false):quality(100)/product/46/178093/1.jpg?0784",https://www.jumia.com.ng/apple-iphone-5-16gb-rom-1gb-ram-8-mp-4-inch-apple-smartphones-95-new-39087164.html
-62,IPhone 5S 16GB Gold  4G LTE Fingerprint Unlock  4-inch Screen (Gift:accessories),"27,700","72,000","https://ng.jumia.is/B7S1lomBJ1JXas1NacwLbVe3peY=/fit-in/220x220/filters:fill(white):sharpen(1,0,false):quality(100)/product/33/711214/1.jpg?4617",https://www.jumia.com.ng/apple-iphone-5s-16gb-gold-4g-lte-fingerprint-unlock-4-inch-screen-giftaccessories-41211733.html
-69,IPhone 6 Plus 5.5 Inch 1GB + 16GB 8MP + 1.2MP Finger Sensor 4G LTE Smartphone ( Free Gift) – Gold,"56,000","180,000","https://ng.jumia.is/M_-zMFBrGnPlncei3HHLAbLvy60=/fit-in/220x220/filters:fill(white):sharpen(1,0,false):quality(100)/product/96/364234/1.jpg?5301",https://www.jumia.com.ng/apple-iphone-6-plus-5.5-inch-1gb-16gb-8mp-1.2mp-finger-sensor-4g-lte-smartphone-free-gift-gold-43246369.html
-55,"IPhone X Mobile Phone (256GB ROM, 3GB RAM) 5.8 Inch With Tempered Glass Smartphone - Black","246,000","547,143","https://ng.jumia.is/rJ3Unca3FJmcZs_gSjpXmCgcpKI=/fit-in/220x220/filters:fill(white):sharpen(1,0,false):quality(100)/product/65/819432/1.jpg?7547",https://www.jumia.com.ng/apple-iphone-x-mobile-phone-256gb-rom-3gb-ram-5.8-inch-with-tempered-glass-smartphone-black-23491856.html
-71,IPhone 4s White 8gb Smart Phone Mobile Phone 3.5-inch Screen (Gift:accessories),"11,500","39,000","https://ng.jumia.is/11qX5PsYzrG9_aSSgqfsPVQnkag=/fit-in/220x220/filters:fill(white):sharpen(1,0,false):quality(100)/product/25/884193/1.jpg?6523",https://www.jumia.com.ng/apple-iphone-4s-white-8gb-smart-phone-mobile-phone-3.5-inch-screen-giftaccessories-39148852.html
-52,IPhone 7 4.7 Inch 2GB + 32GB 12MP + 7MP Finger Sensor 4G LTE Smartphone (Free Gift) – Rose Gold,"95,000","198,900","https://ng.jumia.is/411SsDgiy8hGn1mKAwXbz2KMclY=/fit-in/220x220/filters:fill(white):sharpen(1,0,false):quality(100)/product/48/429434/1.jpg?7485",https://www.jumia.com.ng/apple-iphone-7-4.7-inch-2gb-32gb-12mp-7mp-finger-sensor-4g-lte-smartphone-free-gift-rose-gold-43492484.html
-52,"IPhone XS Max (4GB RAM, 256GB ROM) IOS 12 (12MP + 12MP)+7MP 4G Smartphone -  1 Year Warranty - Gold","318,999","660,000","https://ng.jumia.is/-v8YhTbcAJr3iRaqe4H5YB9jFq4=/fit-in/220x220/filters:fill(white):sharpen(1,0,false):quality(100)/product/60/309791/1.jpg?2233",https://www.jumia.com.ng/iphone-xs-max-4gb-ram-256gb-rom-ios-12-12mp-12mp7mp-1-year-warranty-gold-apple-mpg227979.html
-62,Iphone 5 White 16gb Smart Phone Mobile Phone 4-inch Screen(Gift:accessories),"18,900","50,000","https://ng.jumia.is/wpMk1GsjomqDGwakwEWfmvxAaFY=/fit-in/220x220/filters:fill(white):sharpen(1,0,false):quality(100)/product/56/516044/1.jpg?2210",https://www.jumia.com.ng/apple-iphone-5-white-16gb-smart-phone-mobile-phone-4-inch-screengiftaccessories-44061565.html
-66,IPhone 6s 4.7'' (64GB+2GB) 12MP+5MP-With Fingerprint Sensor Smartphone(Refurbished)- Rose Gold,"66,490","198,000","https://ng.jumia.is/1p-YTC4wwgVLo2sqH5_D6qudITs=/fit-in/220x220/filters:fill(white):sharpen(1,0,false):quality(100)/product/03/022093/1.jpg?4553",https://www.jumia.com.ng/apple-iphone-6s-4.7-64gb2gb-12mp5mp-with-fingerprint-sensor-smartphonerefurbished-rose-gold-39022030.html
-62,IPhone 5S 16GB Black  4G LTE Fingerprint Unlock  4-inch Screen (Gift:accessories),"27,700","72,000","https://ng.jumia.is/IJTJS5V7cJpKVcdIN8FuH286l8U=/fit-in/220x220/filters:fill(white):sharpen(1,0,false):quality(100)/product/73/711214/1.jpg?4617",https://www.jumia.com.ng/apple-iphone-5s-16gb-black-4g-lte-fingerprint-unlock-4-inch-screen-giftaccessories-41211737.html
-60,IPhone 6S Plus 5.5 Inch 2GB + 16GB 12MP + 5MP Finger Sensor 4G LTE Smartphone (Free Gift) – Gold,"72,800","180,000","https://ng.jumia.is/bRAdSGWti9ki67zxIhdk0f8DfM8=/fit-in/220x220/filters:fill(white):sharpen(1,0,false):quality(100)/product/38/334644/1.jpg?1186",https://www.jumia.com.ng/apple-iphone-6s-plus-5.5-inch-2gb-16gb-12mp-5mp-finger-sensor-4g-lte-smartphone-free-gift-gold-44643383.html
-64,IPhone 6 4.7 Inch 1GB + 16GB 8MP Finger Sensor 4G Smartphone (Free Gift) – Gold,"43,800","120,000","https://ng.jumia.is/Vf0fuyQlNVbgtApVj-Uv3RYCfOM=/fit-in/220x220/filters:fill(white):sharpen(1,0,false):quality(100)/product/04/169304/1.jpg?8623",https://www.jumia.com.ng/apple-iphone-6-4.7-inch-1gb-16gb-8mp-finger-sensor-4g-smartphone-free-gift-gold-40396140.html
-55,"IPhone X Mobile Phone (256GB ROM, 3GB RAM) 5.8 Inch With Tempered Glass Smartphone - White","246,000","547,143","https://ng.jumia.is/L5dM00Q_nJ6IfL0-VgbLPQgnR2M=/fit-in/220x220/filters:fill(white):sharpen(1,0,false):quality(100)/product/07/153391/1.jpg?2270",https://www.jumia.com.ng/apple-iphone-x-mobile-phone-256gb-rom-3gb-ram-5.8-inch-with-tempered-glass-smartphone-white-19335170.html
-65,Iphone 5 Black 16gb Smart Phone Mobile Phone 4-inch Screen(Gift:accessories),"19,500","56,000","https://ng.jumia.is/bl-T_QiJzTkXez85Z9wMgWyTdjU=/fit-in/220x220/filters:fill(white):sharpen(1,0,false):quality(100)/product/55/884193/1.jpg?4262",https://www.jumia.com.ng/apple-iphone-5-black-16gb-smart-phone-mobile-phone-4-inch-screengiftaccessories-39148855.html
-67,IPhone 6 4.7 Inch 1GB + 16 GB 8MP + 1.2MP Finger Sensor 4G LTE Smartphone (Gift) – Black,"42,500","130,000","https://ng.jumia.is/dKXk67OZcfXlRuqUL9UITMQlgMU=/fit-in/220x220/filters:fill(white):sharpen(1,0,false):quality(100)/product/24/881144/1.jpg?7506",https://www.jumia.com.ng/apple-iphone-6-4.7-inch-1gb-16-gb-8mp-1.2mp-finger-sensor-4g-lte-smartphone-gift-black-44118842.html
-56,Iphone 6S Plus 64GB 5.5 Inch IOS Smartphone (Refurbished),"98,150","225,000","https://ng.jumia.is/H-EgEsh_hiAu_TbTuBZ21FlAKyA=/fit-in/220x220/filters:fill(white):sharpen(1,0,false):quality(100)/product/90/447224/1.jpg?2342",https://www.jumia.com.ng/apple-iphone-6s-plus-64gb-5.5-inch-ios-smartphone-refurbished-42274409.html
-67,IPhone 6 4.7 Inch 1GB + 32GB 8MP + 1.2MP Finger Sensor 4G LTE Smartphone (Free Gift) – Silver,"49,800","150,000","https://ng.jumia.is/etMRicGJ1qV_xadyEQjaLJun3SE=/fit-in/220x220/filters:fill(white):sharpen(1,0,false):quality(100)/product/04/142624/1.jpg?5509",https://www.jumia.com.ng/apple-iphone-6-4.7-inch-1gb-32gb-8mp-1.2mp-finger-sensor-4g-lte-smartphone-free-gift-silver-42624140.html
-51,Apple IPhone X - 5.8'' - 3GB RAM + 64GB ROM - (12MP + 12MP) + 7MP Smartphone - White,"219,800","446,286","https://ng.jumia.is/1EVmGARKymy8_h77uGVCfpia2-Y=/fit-in/220x220/filters:fill(white):sharpen(1,0,false):quality(100)/product/67/361963/1.jpg?0596",https://www.jumia.com.ng/apple-apple-iphone-x-5.8-3gb-ram-64gb-rom-12mp-12mp-7mp-smartphone-white-36916376.html
-51,"IPhone 8 Smart Phones , 256GB ,Touch ID Dual Back Camera 4G LTE IOS 11","181,300","371,286","https://ng.jumia.is/__pXn0j8hMxbj9rVyJAxBi8uFh4=/fit-in/220x220/filters:fill(white):sharpen(1,0,false):quality(100)/product/84/709091/1.jpg?9699",https://www.jumia.com.ng/apple-iphone-8-smart-phones-256gb-touch-id-dual-back-camera-4g-lte-ios-11-19090748.html
-52,IPhone 7Plus-5.5 Inch 4G LET Smartphone 2GB+32GB 12MP Finger Sensor HD-Red,"197,890","410,000","https://ng.jumia.is/FzeKCqtPC4PLQ3yPza_oJxRQYYI=/fit-in/220x220/filters:fill(white):sharpen(1,0,false):quality(100)/product/87/552972/1.jpg?5382",https://www.jumia.com.ng/iphone-7plus-5.5-inch-4g-let-smartphone-2gb32gb-12mp-finger-sensor-hd-red-apple-mpg1034120.html
-62,"IPhone X 5.8-Inch HD (3GB,64GB ROM) IOS 11, 12MP + 7MP 4G Smartphone - Space Grey","209,000","545,799","https://ng.jumia.is/YtBfmLYn-aIjJrzxkhwnIH2pa4I=/fit-in/220x220/filters:fill(white):sharpen(1,0,false):quality(100)/product/70/18158/1.jpg?5117",https://www.jumia.com.ng/iphone-x-5.8-inch-hd-3gb64gb-rom-ios-11-12mp-7mp-4g-smartphone-space-grey-apple-mpg143239.html
-58,Iphone 6S 32GB 4.7 Inch IOS Smartphone (Refurbished) - Gold,"73,800","175,000","https://ng.jumia.is/8R3WuoeyGCXf-GmQfIjmBWPX94E=/fit-in/220x220/filters:fill(white):sharpen(1,0,false):quality(100)/product/58/392234/1.jpg?0712",https://www.jumia.com.ng/apple-iphone-6s-32gb-4.7-inch-ios-smartphone-refurbished-gold-43229385.html
-52,IPhone 8 Plus 256GB 5.5 Inch HD IOS 11.0 12MP 4G Smartphone - Gold,"211,900","441,286","https://ng.jumia.is/-Pr9BBGboRGkuZkEO_pCLAYIk80=/fit-in/220x220/filters:fill(white):sharpen(1,0,false):quality(100)/product/76/918091/1.jpg?0309",https://www.jumia.com.ng/apple-iphone-8-plus-256gb-5.5-inch-hd-ios-11.0-12mp-4g-smartphone-gold-19081967.html
-59,"IPhone 5 - (1GB, 16GB ROM) - 4.0 Inch Screen - 8MP Pixel Smart Phone","18,800","45,999","https://ng.jumia.is/mUmH6q7ejwzi1_dFDkl3-2O7x5s=/fit-in/220x220/filters:fill(white):sharpen(1,0,false):quality(100)/product/62/684193/1.jpg?6332",https://www.jumia.com.ng/apple-iphone-5-1gb-16gb-rom-4.0-inch-screen-8mp-pixel-smart-phone-39148626.html
-72,"IPhone 4S -3.5'',16GB,1GB RAM Smartphone Fullset Box 95% New","13,000","45,999","https://ng.jumia.is/ISv-GS1A6QOlCwg9HISrYSFZV44=/fit-in/220x220/filters:fill(white):sharpen(1,0,false):quality(100)/product/53/411214/1.jpg?4317",https://www.jumia.com.ng/apple-iphone-4s-3.516gb1gb-ram-smartphone-fullset-box-95-new-41211435.html
-67,"IPhone 6 Plus 16GB 5.5"" Inch IOS Smartphone (Refurbished) - Gold","59,990","180,000","https://ng.jumia.is/XsRCLVpwLnCZegI4YXMUlh4Bfi4=/fit-in/220x220/filters:fill(white):sharpen(1,0,false):quality(100)/product/30/632424/1.jpg?5279",https://www.jumia.com.ng/apple-iphone-6-plus-16gb-5.5-inch-ios-smartphone-refurbished-gold-42423603.html
-61,"IPhone 7 Plus (32GB + 3GB Ram) Smartphone, 5.5'' - (12MP + 7MP) -  2.3 GHz Quad-core Processor-Black","145,990","370,000","https://ng.jumia.is/Nyo0zqbBOGEoEDhIpakk9jZGlWk=/fit-in/220x220/filters:fill(white):sharpen(1,0,false):quality(100)/product/65/39585/1.jpg?4659",https://www.jumia.com.ng/apple-iphone-7-plus-32gb-3gb-ram-smartphone-5.5-12mp-7mp-2.3-ghz-quad-core-processor-black-5859356.html
-58,IPhone 6S 32GB 4.7 Inch IOS Smartphone (Refurbished) - Black,"73,800","175,000","https://ng.jumia.is/Hi2MbAK2bRPRlc_a7Dz--_HfMeM=/fit-in/220x220/filters:fill(white):sharpen(1,0,false):quality(100)/product/33/928434/1.jpg?1990",https://www.jumia.com.ng/apple-iphone-6s-32gb-4.7-inch-ios-smartphone-refurbished-black-43482933.html
-68,IPhone 7-4.7 Inch Smartphone  2GB+32GB 12MP Finger Sensor 4G LTE (gift) HD-Matte Black,"127,900","400,000","https://ng.jumia.is/IxmdTwnVjsuXlEiuimMQDbCEUlA=/fit-in/220x220/filters:fill(white):sharpen(1,0,false):quality(100)/product/91/906482/1.jpg?2082",https://www.jumia.com.ng/apple-iphone-7-4.7-inch-smartphone-2gb32gb-12mp-finger-sensor-4g-lte-gift-hd-matte-black-28460919.html
-60,IPhone 5 - 16GB - IOS Smart Phone 4.0'' Inch 95% New ,"18,400","45,999","https://ng.jumia.is/BDPDNFtqFzpME9Mxy887x0E_BWI=/fit-in/220x220/filters:fill(white):sharpen(1,0,false):quality(100)/product/96/446514/1.jpg?5918",https://www.jumia.com.ng/apple-iphone-5-16gb-ios-smart-phone-4.0-inch-95-new-41564469.html
-69,IPhone 6 Plus 5.5'' 16GB ROM 8MP IOS Smartphone With Fingerprint Sensor(Refurbished)-Grey,"58,900","189,000","https://ng.jumia.is/BoBceybh7KJazqUH48SZbSE_mrw=/fit-in/220x220/filters:fill(white):sharpen(1,0,false):quality(100)/product/92/022093/1.jpg?4434",https://www.jumia.com.ng/apple-iphone-6-plus-5.5-16gb-rom-8mp-ios-smartphone-with-fingerprint-sensorrefurbished-grey-39022029.html
-67,IPhone 6 4.7 Inch 1GB + 16GB 8MP + 1.2MP Finger Sensor 4G LTE Smartphone (Gift) – Silver,"42,500","130,000","https://ng.jumia.is/-sRsfDvI3vSUUaLahPqGtIrSgBg=/fit-in/220x220/filters:fill(white):sharpen(1,0,false):quality(100)/product/04/881144/1.jpg?7505",https://www.jumia.com.ng/apple-iphone-6-4.7-inch-1gb-16gb-8mp-1.2mp-finger-sensor-4g-lte-smartphone-gift-silver-44118840.html
-64,IPhone 7 32G 4.7 Inch IOS Smartphone (Refurbished) - Red,"96,990","272,800","https://ng.jumia.is/nTpFcCCHw1o1E8zD3nG6X8ZGajI=/fit-in/220x220/filters:fill(white):sharpen(1,0,false):quality(100)/product/95/193324/1.jpg?9394",https://www.jumia.com.ng/apple-iphone-7-32g-4.7-inch-ios-smartphone-refurbished-red-42339159.html
-69,"IPhone 6s 4.7 Inch (16GB ROM, 2GB0-12MP+5MP-With Fingerprint(Refurbished)-Rose Gold","54,900","178,000","https://ng.jumia.is/4RMJjCqy0t20uIKMgQghL26FxD4=/fit-in/220x220/filters:fill(white):sharpen(1,0,false):quality(100)/product/15/216143/1.jpg?7682",https://www.jumia.com.ng/apple-iphone-6s-4.7-inch-16gb-rom-2gb0-12mp5mp-with-fingerprintrefurbished-rose-gold-34161251.html
-62,IPhone 7-4.7 Inch Smartphone 2GB+128GB 12MP Finger Sensor 4G LTE (gift) HD-Gold,"152,900","400,000","https://ng.jumia.is/auVBJHwNh8nVzxzqaxrdkKfgOY8=/fit-in/220x220/filters:fill(white):sharpen(1,0,false):quality(100)/product/52/906482/1.jpg?2082",https://www.jumia.com.ng/apple-iphone-7-4.7-inch-smartphone-2gb128gb-12mp-finger-sensor-4g-lte-gift-hd-gold-28460925.html
-54,IPhone 7 Plus 32GB 5.5 Inch IOS Smartphone (Refurbished) - Black,"109,990","239,999","https://ng.jumia.is/xHZMptp4ZbEpwhhZ1es3T80IAp0=/fit-in/220x220/filters:fill(white):sharpen(1,0,false):quality(100)/product/81/866224/1.jpg?3423",https://www.jumia.com.ng/apple-iphone-7-plus-32gb-5.5-inch-ios-smartphone-refurbished-black-42266818.html
-79,IPhone SE 64GB Gold 4G LTE Fingerprint Unlock  4-inch Screen (Gift:accessories),"56,000","270,000","https://ng.jumia.is/ZTREg-iFVcAs00uyuAoUoe5ang8=/fit-in/220x220/filters:fill(white):sharpen(1,0,false):quality(100)/product/34/134993/1.jpg?9667",https://www.jumia.com.ng/apple-iphone-se-64gb-gold-4g-lte-fingerprint-unlock-4-inch-screen-giftaccessories-39943143.html
-65,"IPhone 6Plus 5.5-Inch Fingerprint Sensor HD (1GB, 16GB ROM)IOS 1.2 8MP+7MP Smartphone–Silver","69,000","199,976","https://ng.jumia.is/DdB9xoda3CMlbKdApjVHg5u1S1A=/fit-in/220x220/filters:fill(white):sharpen(1,0,false):quality(100)/product/09/423082/1.jpg?5384",https://www.jumia.com.ng/iphone-6plus-5.5-inch-fingerprint-sensor-hd-1gb-16gb-romios-1.2-8mp7mp-smartphonesilver-apple-mpg649968.html
-59,IPhone 5 - 16GB ROM +1GB RAM -8 MP- 4 Inch - Apple Smartphones,"18,800","45,999","https://ng.jumia.is/p_8ayIOQDjXH6gRdmBIZJMZxMEA=/fit-in/220x220/filters:fill(white):sharpen(1,0,false):quality(100)/product/26/446514/1.jpg?0850",https://www.jumia.com.ng/apple-iphone-5-16gb-rom-1gb-ram-8-mp-4-inch-apple-smartphones-41564462.html
-59,IPhone 5 4.0Inch 16GB ROM+1GB RAM 8MP+1.2MP 95% New,"18,800","45,999","https://ng.jumia.is/ZjhvS9nDHM3NVKv76ZA9aNqRcRw=/fit-in/220x220/filters:fill(white):sharpen(1,0,false):quality(100)/product/10/546514/1.jpg?6784",https://www.jumia.com.ng/apple-iphone-5-4.0inch-16gb-rom1gb-ram-8mp1.2mp-95-new-41564501.html
-69,IPhone 6 Plus 5.5'' 16GB ROM 8MP IOS Smartphone With Fingerprint Sensor(Refurbished)-Gold,"58,500","189,000","https://ng.jumia.is/kT-BOw4UYsL66oSwgvHrRSganW4=/fit-in/220x220/filters:fill(white):sharpen(1,0,false):quality(100)/product/82/022093/1.jpg?5417",https://www.jumia.com.ng/apple-iphone-6-plus-5.5-16gb-rom-8mp-ios-smartphone-with-fingerprint-sensorrefurbished-gold-39022028.html
-53,IPhone 8 64G 4.7 Inch IOS Smartphone (Refurbished) - Gold,"140,990","298,100","https://ng.jumia.is/BJx5AdZMpeQ1YXo1DX8h_o7k_pI=/fit-in/220x220/filters:fill(white):sharpen(1,0,false):quality(100)/product/74/193324/1.jpg?9395",https://www.jumia.com.ng/apple-iphone-8-64g-4.7-inch-ios-smartphone-refurbished-gold-42339147.html
-62,IPhone 7-4.7 Inch Smartphone 2GB+128GB 12MP Finger Sensor 4G LTE (gift) HD-Red,"152,900","400,000","https://ng.jumia.is/-u8-fJAULiYMftKIpSrPg08YEOE=/fit-in/220x220/filters:fill(white):sharpen(1,0,false):quality(100)/product/11/763072/1.jpg?0169",https://www.jumia.com.ng/apple-iphone-7-4.7-inch-smartphone-2gb128gb-12mp-finger-sensor-4g-lte-gift-hd-red-27036711.html
-65,IPhone 6 Plus 5.5'' 64GB 8MP IOS Smartphone With Fingerprint (Refurbished)- Grey,"74,200","215,000","https://ng.jumia.is/rh9FJserYuLLQgBbRLDTkvToVV0=/fit-in/220x220/filters:fill(white):sharpen(1,0,false):quality(100)/product/43/178383/1.jpg?3759",https://www.jumia.com.ng/apple-iphone-6-plus-5.5-64gb-8mp-ios-smartphone-with-fingerprint-refurbished-grey-38387134.html
-69,IPhone 5  4.0Inch 16GB ROM+1GB RAM (Refurbished) 8MP+1.2MP-Blcak,"18,900","61,800","https://ng.jumia.is/LiaFRYe2RgmDanxrh8qbwf7OjFo=/fit-in/220x220/filters:fill(white):sharpen(1,0,false):quality(100)/product/13/216143/1.jpg?7259",https://www.jumia.com.ng/apple-iphone-5-4.0inch-16gb-rom1gb-ram-refurbished-8mp1.2mp-blcak-34161231.html
-78,IPhone 7-4.7 Inch 4G LET Smartphone 2GB+32GB 12MP Finger Sensor HD-Rose Gold,"87,990","400,000","https://ng.jumia.is/GswUExKy6Q9uz12_Zg3MYTepF6c=/fit-in/220x220/filters:fill(white):sharpen(1,0,false):quality(100)/product/06/565052/1.jpg?7449",https://www.jumia.com.ng/apple-iphone-7-4.7-inch-4g-let-smartphone-2gb32gb-12mp-finger-sensor-hd-rose-gold-25056560.html
-63,IPhone 6 128GB 4.7 Inch IOS Smartphone (Refurbished) - Gold,"55,990","150,000","https://ng.jumia.is/4zZ3sEAXu7Zu0kdtWMtlT4MZD7E=/fit-in/220x220/filters:fill(white):sharpen(1,0,false):quality(100)/product/63/632424/1.jpg?1990",https://www.jumia.com.ng/apple-iphone-6-128gb-4.7-inch-ios-smartphone-refurbished-gold-42423636.html
-64,IPhone 7 32G 4.7 Inch  IOS Smartphone (Refurbished) - Gold,"96,990","272,800","https://ng.jumia.is/b3d9SqhqJJ6yFI7YZQtwP6ATgV0=/fit-in/220x220/filters:fill(white):sharpen(1,0,false):quality(100)/product/83/395124/1.jpg?2055",https://www.jumia.com.ng/apple-iphone-7-32g-4.7-inch-ios-smartphone-refurbished-gold-42159338.html
-66,Iphone 5 Black 16gb Smart Phone Mobile Phone 4-inch Screen(Gift:accessories),"19,300","57,000","https://ng.jumia.is/b4DtPsm1VIIwQbKl8KGtfiTuvd8=/fit-in/220x220/filters:fill(white):sharpen(1,0,false):quality(100)/product/23/711214/1.jpg?4622",https://www.jumia.com.ng/apple-iphone-5-black-16gb-smart-phone-mobile-phone-4-inch-screengiftaccessories-41211732.html
-67,IPhone 6 4.7 Inch 1GB + 16 GB 8MP + 1.2MP Finger Sensor 4G LTE Smartphone (Gift) – Gold,"42,500","130,000","https://ng.jumia.is/G2jGBomT_7hY5d0vN-S8d-s5Zbk=/fit-in/220x220/filters:fill(white):sharpen(1,0,false):quality(100)/product/14/881144/1.jpg?7506",https://www.jumia.com.ng/apple-iphone-6-4.7-inch-1gb-16-gb-8mp-1.2mp-finger-sensor-4g-lte-smartphone-gift-gold-44118841.html
-60,IPhone 5 4.0Inch 16GB ROM+1GB RAM 8MP+1.2MP 95% New,"18,400","45,999","https://ng.jumia.is/gsn7gZvTfOnhZw74uOFBPE8kH1Q=/fit-in/220x220/filters:fill(white):sharpen(1,0,false):quality(100)/product/00/546514/1.jpg?0849",https://www.jumia.com.ng/apple-iphone-5-4.0inch-16gb-rom1gb-ram-8mp1.2mp-95-new-41564500.html
-52,IPhone 5S 16GB Gold  4G LTE Fingerprint Unlock  4-inch Screen (Gift:accessories),"28,900","60,000","https://ng.jumia.is/YCRld1YEHPl_XI1W_kkQPG03pcI=/fit-in/220x220/filters:fill(white):sharpen(1,0,false):quality(100)/product/86/516044/1.jpg?2212",https://www.jumia.com.ng/apple-iphone-5s-16gb-gold-4g-lte-fingerprint-unlock-4-inch-screen-giftaccessories-44061568.html
-59,NEW Apple Iphone 5 1G RAM 16GB ROM IOS 3G 4.0 Inch 8MP ICloud WIFI GPS Phone,"18,800","45,999","https://ng.jumia.is/8zu-JNXI0GSUeu6wcIiKal202AU=/fit-in/220x220/filters:fill(white):sharpen(1,0,false):quality(100)/product/36/178093/1.jpg?0784",https://www.jumia.com.ng/apple-new-apple-iphone-5-1g-ram-16gb-rom-ios-3g-4.0-inch-8mp-icloud-wifi-gps-phone-39087163.html
-52,Iphone 6S Plus 128GB 5.5 Inch IOS Smartphone (Refurbished) - Gold,"107,900","225,000","https://ng.jumia.is/xeoiHrc1xUT1hrmvXviXXCJrraE=/fit-in/220x220/filters:fill(white):sharpen(1,0,false):quality(100)/product/96/447224/1.jpg?1991",https://www.jumia.com.ng/apple-iphone-6s-plus-128gb-5.5-inch-ios-smartphone-refurbished-gold-42274469.html
-72,IPhone 4s 16GB - Black Silver(AT&T) A1387 (CDMA + GSM) Smrtphones,"13,000","45,999","https://ng.jumia.is/PHB5zVwI1H_FxekmaymLcHFl2Zc=/fit-in/220x220/filters:fill(white):sharpen(1,0,false):quality(100)/product/46/446514/1.jpg?7304",https://www.jumia.com.ng/apple-iphone-4s-16gb-black-silveratt-a1387-cdma-gsm-smrtphones-41564464.html
-60,IPhone 6 4.7'' (64GB+1GB) 8MP+1.2MP With Fingerprint Sensor Smartphone(Refurbished)-Grey,"51,600","128,000","https://ng.jumia.is/-rIZEJCPGuHNyjS_PXfEiYOnmiA=/fit-in/220x220/filters:fill(white):sharpen(1,0,false):quality(100)/product/52/022093/1.jpg?4553",https://www.jumia.com.ng/apple-iphone-6-4.7-64gb1gb-8mp1.2mp-with-fingerprint-sensor-smartphonerefurbished-grey-39022025.html
-66,IPhone 6 Plus 5.5'' 64GB 8MP IOS Smartphone With Fingerprint (Refurbished)- Gold,"73,900","215,000","https://ng.jumia.is/Sp9FDnOVhWslx1yQodL5CKY3gOc=/fit-in/220x220/filters:fill(white):sharpen(1,0,false):quality(100)/product/93/178383/1.jpg?3758",https://www.jumia.com.ng/apple-iphone-6-plus-5.5-64gb-8mp-ios-smartphone-with-fingerprint-refurbished-gold-38387139.html
-65,"IPhone 6Plus 5.5-Inch Fingerprint Sensor HD (1GB, 16GB ROM)IOS 1.2 8MP+7MP Smartphone–Grey","69,000","199,976","https://ng.jumia.is/WhMduwc_45J5Jdoqmvbw_81EDKU=/fit-in/220x220/filters:fill(white):sharpen(1,0,false):quality(100)/product/90/523082/1.jpg?5385",https://www.jumia.com.ng/iphone-6plus-5.5-inch-fingerprint-sensor-hd-1gb-16gb-romios-1.2-8mp7mp-smartphonegrey-apple-mpg983286.html
-66,IPhone 6s 4.7'' (64GB+2GB) 12MP+5MP-With Fingerprint Sensor Smartphone(Refurbished)-Silver,"66,599","198,000","https://ng.jumia.is/Ge_bjAlQHCrsj1f20iAf6ucem3E=/fit-in/220x220/filters:fill(white):sharpen(1,0,false):quality(100)/product/42/022093/1.jpg?4436",https://www.jumia.com.ng/apple-iphone-6s-4.7-64gb2gb-12mp5mp-with-fingerprint-sensor-smartphonerefurbished-silver-39022024.html
-65,Iphone 5 16gb-  White Smart Phone Mobile Phone 4-inch Screen(Gift:accessories),"19,500","56,000","https://ng.jumia.is/-3LwYnPQSEnG-KD5ubqQrywMGys=/fit-in/220x220/filters:fill(white):sharpen(1,0,false):quality(100)/product/65/884193/1.jpg?6520",https://www.jumia.com.ng/apple-iphone-5-16gb-white-smart-phone-mobile-phone-4-inch-screengiftaccessories-39148856.html
-81,IPhone 6 32GB 4.7 Inch IOS Smartphone (Refurbished) - Black,"49,990","267,700","https://ng.jumia.is/lSCzVxq8SBUzy5s1-Vbmibs4qsw=/fit-in/220x220/filters:fill(white):sharpen(1,0,false):quality(100)/product/28/392234/1.jpg?7928",https://www.jumia.com.ng/apple-iphone-6-32gb-4.7-inch-ios-smartphone-refurbished-black-43229382.html
-69,IPhone 6s 4.7 Inch 16GB ROM+2GB-12MP+5MP-With Fingerprint(Refurbished)-Grey,"55,500","178,000","https://ng.jumia.is/Bu51GnVq7yFMa7dBqqCttc-OagA=/fit-in/220x220/filters:fill(white):sharpen(1,0,false):quality(100)/product/54/216143/1.jpg?7682",https://www.jumia.com.ng/apple-iphone-6s-4.7-inch-16gb-rom2gb-12mp5mp-with-fingerprintrefurbished-grey-34161245.html
-81,IPhone 6 32GB 4.7 Inch IOS Smartphone (Refurbished) - Gold,"49,990","267,700","https://ng.jumia.is/LlMbrJtkaJcbUhfKr1W2T_b6C3c=/fit-in/220x220/filters:fill(white):sharpen(1,0,false):quality(100)/product/48/392234/1.jpg?7928",https://www.jumia.com.ng/apple-iphone-6-32gb-4.7-inch-ios-smartphone-refurbished-gold-43229384.html
-67,IPhone 6 Plus 16GB 5.5 Inch IOS Smartphone (Refurbished) - Silvery,"59,990","180,000","https://ng.jumia.is/WrVcxaJ1tBIcfwwyuMmyKWqhH4M=/fit-in/220x220/filters:fill(white):sharpen(1,0,false):quality(100)/product/60/632424/1.jpg?1991",https://www.jumia.com.ng/apple-iphone-6-plus-16gb-5.5-inch-ios-smartphone-refurbished-silvery-42423606.html
-58,IPhone 6 Plus -16GB+1GB - 5.5 Inch -8 MP+ Fingerprint  Smartphone,"66,500","160,000","https://ng.jumia.is/xOHkwxMRtSgfJswgk70mTt_OMvw=/fit-in/220x220/filters:fill(white):sharpen(1,0,false):quality(100)/product/48/334644/1.jpg?1186",https://www.jumia.com.ng/apple-iphone-6-plus-16gb1gb-5.5-inch-8-mp-fingerprint-smartphone-44643384.html
-66,IPhone 6 Plus 5.5'' 64GB 8MP IOS Smartphone With Fingerprint (Refurbished)- Silver,"73,900","215,000","https://ng.jumia.is/GTOfI2z0Ss81ObpRy-TBzZ7axLg=/fit-in/220x220/filters:fill(white):sharpen(1,0,false):quality(100)/product/73/178383/1.jpg?3758",https://www.jumia.com.ng/apple-iphone-6-plus-5.5-64gb-8mp-ios-smartphone-with-fingerprint-refurbished-silver-38387137.html
-66,IPhone 6 Plus 5.5 Inch 1GB + 16GB 8MP + 1.2MP Finger Sensor 4G LTE Smartphone ( Free Gift) – Gold,"61,000","180,000","https://ng.jumia.is/EiRvLz3qmLkmlpqwFsf6LbCgHtI=/fit-in/220x220/filters:fill(white):sharpen(1,0,false):quality(100)/product/13/241893/1.jpg?7888",https://www.jumia.com.ng/apple-iphone-6-plus-5.5-inch-1gb-16gb-8mp-1.2mp-finger-sensor-4g-lte-smartphone-free-gift-gold-39814231.html
-55,IPhone 5S 32GB Black  4G LTE Fingerprint Unlock  4-inch Screen (Gift:accessories),"35,000","78,000","https://ng.jumia.is/ars58c9_acvk3W5MB0ohySS8Jrs=/fit-in/220x220/filters:fill(white):sharpen(1,0,false):quality(100)/product/47/884193/1.jpg?6520",https://www.jumia.com.ng/apple-iphone-5s-32gb-black-4g-lte-fingerprint-unlock-4-inch-screen-giftaccessories-39148874.html
-58,IPhone 5S 16GB Gold  4G LTE Fingerprint Unlock  4-inch Screen (Gift:accessories),"29,999","72,000","https://ng.jumia.is/L3fhirnRcGUL5cNSOrySd_bNbo4=/fit-in/220x220/filters:fill(white):sharpen(1,0,false):quality(100)/product/07/884193/1.jpg?6520",https://www.jumia.com.ng/apple-iphone-5s-16gb-gold-4g-lte-fingerprint-unlock-4-inch-screen-giftaccessories-39148870.html
-60,IPhone 6 4.7'' (64GB+1GB) 8MP+1.2MP With Fingerprint Sensor Smartphone(Refurbished)-Silver,"51,500","128,000","https://ng.jumia.is/5ngL2NJtcgw3zRqKkb_ZXhR_fVU=/fit-in/220x220/filters:fill(white):sharpen(1,0,false):quality(100)/product/12/022093/1.jpg?4435",https://www.jumia.com.ng/apple-iphone-6-4.7-64gb1gb-8mp1.2mp-with-fingerprint-sensor-smartphonerefurbished-silver-39022021.html
-59,IPhone 5 - 16GB ROM +1GB RAM -8 MP- 4 Inch - Apple Smartphones,"18,800","45,999","https://ng.jumia.is/kihjIHqwo6N7WMJ7FU9rTtw7LbA=/fit-in/220x220/filters:fill(white):sharpen(1,0,false):quality(100)/product/21/186414/1.jpg?7318",https://www.jumia.com.ng/apple-iphone-5-16gb-rom-1gb-ram-8-mp-4-inch-apple-smartphones-41468112.html
-66,IPhone 6 4.7 Inch 1GB+16GB ROM Fingerprint 8MP+1.2MP(Refurbished)-Silver,"43,400","128,000","https://ng.jumia.is/irDIVNx6RdVhrmRrZe4HvqdVHx0=/fit-in/220x220/filters:fill(white):sharpen(1,0,false):quality(100)/product/04/216143/1.jpg?7681",https://www.jumia.com.ng/apple-iphone-6-4.7-inch-1gb16gb-rom-fingerprint-8mp1.2mprefurbished-silver-34161240.html
-55,Apple IPhone 6 4.7 Inch 1GB + 16GB 8MP + 1.2MP Finger Sensor 4G LTE Smartphone (Gift),"43,790","98,000","https://ng.jumia.is/4xxGVRqpKIsm-Y4DQeFoRYHSxyc=/fit-in/220x220/filters:fill(white):sharpen(1,0,false):quality(100)/product/94/659534/1.jpg?7406",https://www.jumia.com.ng/apple-apple-iphone-6-4.7-inch-1gb-16gb-8mp-1.2mp-finger-sensor-4g-lte-smartphone-gift-43595649.html
-60,IPhone 5 16GB  4.0 Inch Screen,"18,600","45,999","https://ng.jumia.is/zLFIwc3CB9BuAgErdPlruyVQRGE=/fit-in/220x220/filters:fill(white):sharpen(1,0,false):quality(100)/product/88/654504/1.jpg?2825",https://www.jumia.com.ng/apple-iphone-5-16gb-4.0-inch-screen-40545688.html
-52,IPhone 5S 64GB Black  4G LTE Fingerprint Unlock  4-inch Screen (Gift:accessories),"39,999","84,000","https://ng.jumia.is/BXnc4V53jj-cp7eLWSLfSKB1vrc=/fit-in/220x220/filters:fill(white):sharpen(1,0,false):quality(100)/product/77/884193/1.jpg?6520",https://www.jumia.com.ng/apple-iphone-5s-64gb-black-4g-lte-fingerprint-unlock-4-inch-screen-giftaccessories-39148877.html
-60,IPhone 5S 32GB Gold  4G LTE Without Fingerprint (Refurbishment) 4-inch Screen (Gift:accessories),"28,500","72,000","https://ng.jumia.is/96h_Se6vpbZy7qzygL5vTw1rlEI=/fit-in/220x220/filters:fill(white):sharpen(1,0,false):quality(100)/product/76/711214/1.jpg?4670",https://www.jumia.com.ng/apple-iphone-5s-32gb-gold-4g-lte-without-fingerprint-refurbishment-4-inch-screen-giftaccessories-41211767.html
-84,IPhone 6 16GB 4.7 Inch IOS Smartphone (Refurbished) - Gold,"42,990","267,700","https://ng.jumia.is/WNAtqbDw7uR4lbXiDxFS2TXHo00=/fit-in/220x220/filters:fill(white):sharpen(1,0,false):quality(100)/product/18/392234/1.jpg?7928",https://www.jumia.com.ng/apple-iphone-6-16gb-4.7-inch-ios-smartphone-refurbished-gold-43229381.html
-70,IPhone 5C 8GB White 4G LTE  4-inch Screen (Gift:accessories) Smart Phone,"25,100","84,000","https://ng.jumia.is/MHFlZzp8-uHXdEvQwPBxyCnoOA0=/fit-in/220x220/filters:fill(white):sharpen(1,0,false):quality(100)/product/20/984193/1.jpg?6571",https://www.jumia.com.ng/apple-iphone-5c-8gb-white-4g-lte-4-inch-screen-giftaccessories-smart-phone-39148902.html
-65,IPhone 6S 16GB Grey 4G LTE 3D Touch Fingerprint Unlock  4.7-inch Screen (Gift:accessories) Smart Phone,"78,000","220,000","https://ng.jumia.is/VrerIlyfxMdJc6OVPa6-zg6jgx8=/fit-in/220x220/filters:fill(white):sharpen(1,0,false):quality(100)/product/04/850893/1.jpg?6392",https://www.jumia.com.ng/apple-iphone-6s-16gb-grey-4g-lte-3d-touch-fingerprint-unlock-4.7-inch-screen-giftaccessories-smart-phone-39805840.html
-68,IPhone 5C 32GB Blue 4G LTE  4-inch Screen (Gift:accessories) Smart Phone,"29,000","89,999","https://ng.jumia.is/t3RMSCMhM7qFuIAHeZFvZQofK5A=/fit-in/220x220/filters:fill(white):sharpen(1,0,false):quality(100)/product/59/884193/1.jpg?6571",https://www.jumia.com.ng/apple-iphone-5c-32gb-blue-4g-lte-4-inch-screen-giftaccessories-smart-phone-39148895.html
-62,Iphone 5 Black 16gb Smart Phone Mobile Phone 4-inch Screen(Gift:accessories),"18,900","50,000","https://ng.jumia.is/RGsrDUwBNbC-_isHHvL1rnudWvw=/fit-in/220x220/filters:fill(white):sharpen(1,0,false):quality(100)/product/34/881144/1.jpg?7506",https://www.jumia.com.ng/apple-iphone-5-black-16gb-smart-phone-mobile-phone-4-inch-screengiftaccessories-44118843.html
-59,"IPhone 5 - IOS 16GB 4.0"" 4G Smartphone - White/Black","18,800","45,999","https://ng.jumia.is/dgyAxM2NUnZCnj1PdbAHVaxSpUw=/fit-in/220x220/filters:fill(white):sharpen(1,0,false):quality(100)/product/87/154993/1.jpg?1652",https://www.jumia.com.ng/apple-iphone-5-ios-16gb-4.0-4g-smartphone-whiteblack-39945178.html
-72,IPhone 4S - 16GB - 512MB RAM - 3.5 Inch IOS Cell Phone,"13,000","45,999","https://ng.jumia.is/rJJZTbbrUX9lcN5hCGFgGMCtrCw=/fit-in/220x220/filters:fill(white):sharpen(1,0,false):quality(100)/product/94/186414/1.jpg?7317",https://www.jumia.com.ng/apple-iphone-4s-16gb-512mb-ram-3.5-inch-ios-cell-phone-41468149.html
-60,NEW Apple Iphone 5 1G RAM 16GB ROM IOS 3G 4.0 Inch 8MP ICloud WIFI GPS Phone,"18,400","45,999","https://ng.jumia.is/s4YWLOfvNSY4d4PuvRaAoG6ml0U=/fit-in/220x220/filters:fill(white):sharpen(1,0,false):quality(100)/product/11/186414/1.jpg?7318",https://www.jumia.com.ng/apple-new-apple-iphone-5-1g-ram-16gb-rom-ios-3g-4.0-inch-8mp-icloud-wifi-gps-phone-41468111.html
-64,IPhone 7 32G 4.7 Inch IOS Smartphone (Refurbished) - Black,"96,990","272,800","https://ng.jumia.is/rYzcUetABHMHTpAGVh6485TS2wA=/fit-in/220x220/filters:fill(white):sharpen(1,0,false):quality(100)/product/53/395124/1.jpg?2042",https://www.jumia.com.ng/apple-iphone-7-32g-4.7-inch-ios-smartphone-refurbished-black-42159335.html
-69,IPhone 4s Black 16gb Smart Phone Mobile Phone 3.5-inch Screen (Gift:accessories),"13,000","42,000","https://ng.jumia.is/uPH3CBYEf6_99TX6RP6p37VM4ug=/fit-in/220x220/filters:fill(white):sharpen(1,0,false):quality(100)/product/05/884193/1.jpg?6522",https://www.jumia.com.ng/apple-iphone-4s-black-16gb-smart-phone-mobile-phone-3.5-inch-screen-giftaccessories-39148850.html
-71,IPhone 4s 3.5Inch 16GB ROM+512MB RAM-8MP(Refurbished)-Black,"12,500","42,900","https://ng.jumia.is/_Vn-kS7lQsuCSdBiV0P3UtUx0ZQ=/fit-in/220x220/filters:fill(white):sharpen(1,0,false):quality(100)/product/03/216143/1.jpg?7259",https://www.jumia.com.ng/apple-iphone-4s-3.5inch-16gb-rom512mb-ram-8mprefurbished-black-34161230.html
-71,"IPhone 6 64GB 4.7"" Inch IOS Smartphone (Refurbished) - Silvery","51,990","180,000","https://ng.jumia.is/U5Q-NFWFoXnnSBx7WM7wSeGxcBQ=/fit-in/220x220/filters:fill(white):sharpen(1,0,false):quality(100)/product/54/928434/1.jpg?6368",https://www.jumia.com.ng/apple-iphone-6-64gb-4.7-inch-ios-smartphone-refurbished-silvery-43482945.html
-59,IPhone 5 - 16GB ROM +1GB RAM -8 MP- 4 Inch - Apple Smartphones,"18,800","45,999","https://ng.jumia.is/lhhJLB2kWIR6cU_0Jrzj4DQFPec=/fit-in/220x220/filters:fill(white):sharpen(1,0,false):quality(100)/product/24/324993/1.jpg?8528",https://www.jumia.com.ng/apple-iphone-5-16gb-rom-1gb-ram-8-mp-4-inch-apple-smartphones-39942342.html
-81,IPhone 6 32GB 4.7 Inch IOS Smartphone  (Refurbished) - Silvery,"49,990","267,700","https://ng.jumia.is/uV8shClop2vX4edNz6_1yciB0fo=/fit-in/220x220/filters:fill(white):sharpen(1,0,false):quality(100)/product/38/392234/1.jpg?7928",https://www.jumia.com.ng/apple-iphone-6-32gb-4.7-inch-ios-smartphone-refurbished-silvery-43229383.html
-66,IPhone 6 4.7 Inch 1GB+16GB ROM Fingerprint 8MP+1.2MP(Refurbished)-Grey,"43,700","128,000","https://ng.jumia.is/AJSvUKYsFcWapUZKOF4Atc02Gb0=/fit-in/220x220/filters:fill(white):sharpen(1,0,false):quality(100)/product/93/216143/1.jpg?7681",https://www.jumia.com.ng/apple-iphone-6-4.7-inch-1gb16gb-rom-fingerprint-8mp1.2mprefurbished-grey-34161239.html
-67,IPhone 6 Plus 16GB 5.5 Inch IOS Smartphone (Refurbished) - Black,"59,990","180,000","https://ng.jumia.is/cLtUpayBbTRGG6my_Pf4Hu86AwQ=/fit-in/220x220/filters:fill(white):sharpen(1,0,false):quality(100)/product/50/632424/1.jpg?7532",https://www.jumia.com.ng/apple-iphone-6-plus-16gb-5.5-inch-ios-smartphone-refurbished-black-42423605.html
-59,"IPhone 5 - IOS 16GB 4.0"" Inch Screen 4G LTE Smartphone","18,800","45,999","https://ng.jumia.is/-EFOHM9Su_P5q5DmLp8RwflVs5M=/fit-in/220x220/filters:fill(white):sharpen(1,0,false):quality(100)/product/99/452434/1.jpg?5107",https://www.jumia.com.ng/apple-iphone-5-ios-16gb-4.0-inch-screen-4g-lte-smartphone-43425499.html
-69,IPhone 6s 4.7 Inch 16GB ROM+2GB-12MP+5MP-With Fingerprint(Refurbished)-Silver,"55,500","178,000","https://ng.jumia.is/iZWFiRoDGbwuaeiOjcOnktv6MEk=/fit-in/220x220/filters:fill(white):sharpen(1,0,false):quality(100)/product/94/216143/1.jpg?7259",https://www.jumia.com.ng/apple-iphone-6s-4.7-inch-16gb-rom2gb-12mp5mp-with-fingerprintrefurbished-silver-34161249.html
-65,"IPhone 6Plus 5.5-Inch  Fingerprint Sensor HD (1GB, 16GB ROM) IOS 1.2 8MP+7MP Smartphone–Gold","69,000","199,976","https://ng.jumia.is/BDYHMm7RXRxomqsGQEIsFX9v92s=/fit-in/220x220/filters:fill(white):sharpen(1,0,false):quality(100)/product/55/323082/1.jpg?7699",https://www.jumia.com.ng/iphone-6plus-5.5-inch-fingerprint-sensor-hd-1gb-16gb-rom-ios-1.2-8mp7mp-smartphonegold-apple-mpg1115561.html
-84,IPhone 6 16GB 4.7 Inch IOS Smartphone  (Refurbished) - Silvery,"42,990","267,700","https://ng.jumia.is/xu_83eH-k-UMFyNTG2FANQUW4c8=/fit-in/220x220/filters:fill(white):sharpen(1,0,false):quality(100)/product/97/392234/1.jpg?7928",https://www.jumia.com.ng/apple-iphone-6-16gb-4.7-inch-ios-smartphone-refurbished-silvery-43229379.html
-70,IPhone 5 - 16GB ROM +1GB RAM -8 MP- 4 Inch -  Apple Smartphones,"18,890","62,000","https://ng.jumia.is/3Nas22bUkKaeSy_0eY7odcsojy8=/fit-in/220x220/filters:fill(white):sharpen(1,0,false):quality(100)/product/23/390934/1.jpg?2726",https://www.jumia.com.ng/apple-iphone-5-16gb-rom-1gb-ram-8-mp-4-inch-apple-smartphones-43909332.html
-59,IPhone 5 - 16G+1G - 4.0 Inch Screen - 8MP Pixel Smart Phone,"18,800","45,999","https://ng.jumia.is/woXjEfX5k0O_suvLD6kb2qEj8SQ=/fit-in/220x220/filters:fill(white):sharpen(1,0,false):quality(100)/product/44/324993/1.jpg?8350",https://www.jumia.com.ng/apple-iphone-5-16g1g-4.0-inch-screen-8mp-pixel-smart-phone-39942344.html
-55,IPhone 5S 32GB Silver  4G LTE Fingerprint Unlock  4-inch Screen (Gift:accessories),"35,000","78,000","https://ng.jumia.is/KDQ5VNet8Ix984uCAkmdLJkxLrI=/fit-in/220x220/filters:fill(white):sharpen(1,0,false):quality(100)/product/57/884193/1.jpg?6520",https://www.jumia.com.ng/apple-iphone-5s-32gb-silver-4g-lte-fingerprint-unlock-4-inch-screen-giftaccessories-39148875.html
-62,IPhone 4s Black 32gb Smart Phone Mobile Phone 3.5-inch Screen (Gift:accessories),"17,000","45,000","https://ng.jumia.is/jJ9wu5Q_QFChJ3dW7h55lmKOgJc=/fit-in/220x220/filters:fill(white):sharpen(1,0,false):quality(100)/product/35/884193/1.jpg?6520",https://www.jumia.com.ng/apple-iphone-4s-black-32gb-smart-phone-mobile-phone-3.5-inch-screen-giftaccessories-39148853.html
-55,IPhone SE - 64GB+2GB -12 MP+2MP- 4 Inch+4G Network + Fingerprint Unlock Refurbished Smart Phone,"49,500","108,999","https://ng.jumia.is/j0nl-otCZlVc5ACRNcJVuYVgjhs=/fit-in/220x220/filters:fill(white):sharpen(1,0,false):quality(100)/product/67/997991/1.jpg?3165",https://www.jumia.com.ng/apple-iphone-se-64gb2gb-12-mp2mp-4-inch4g-network-fingerprint-unlock-refurbished-smart-phone-19979976.html
-58,IPhone 5S - 16GB+1GB -8 MP- 4 Inch -Fingerprint Unlock  Refurbished Smart Phone,"27,900  -  65,999","65,990  -  65,999","https://ng.jumia.is/tGcaP0CJNEgmy3vPnWrSGPv2X5U=/fit-in/220x220/filters:fill(white):sharpen(1,0,false):quality(100)/product/32/539612/1.jpg?6609",https://www.jumia.com.ng/apple-iphone-5s-16gb1gb-8-mp-4-inch-fingerprint-unlock-refurbished-smart-phone-21693523.html
-59,Iphone 5 White 32gb Smart Phone Mobile Phone 4-inch Screen(Gift:accessories),"25,800","63,000","https://ng.jumia.is/DqB2XlAPI9hDxgkU-ZwHvJ1zwWs=/fit-in/220x220/filters:fill(white):sharpen(1,0,false):quality(100)/product/85/884193/1.jpg?6520",https://www.jumia.com.ng/apple-iphone-5-white-32gb-smart-phone-mobile-phone-4-inch-screengiftaccessories-39148858.html
-66,IPhone 6 4.7 Inch 1GB+16GB ROM Fingerprint 8MP 4G Smartphone (Refurbished)-Glod,"43,500","128,000","https://ng.jumia.is/7YpLQLacP0xVZ_OnSwqkBgLsads=/fit-in/220x220/filters:fill(white):sharpen(1,0,false):quality(100)/product/24/612054/1.jpg?5407",https://www.jumia.com.ng/apple-iphone-6-4.7-inch-1gb16gb-rom-fingerprint-8mp-4g-smartphone-refurbished-glod-45021642.html
-69,IPhone 6 Plus 5.5 Inch 1GB + 16GB 8MP + 1.2MP Finger Sensor 4G LTE Smartphone ( Free Gift) – Silver,"56,000","180,000","https://ng.jumia.is/IsRBE6KGy7nvR-rhYMzTp5YojL0=/fit-in/220x220/filters:fill(white):sharpen(1,0,false):quality(100)/product/93/334644/1.jpg?1188",https://www.jumia.com.ng/apple-iphone-6-plus-5.5-inch-1gb-16gb-8mp-1.2mp-finger-sensor-4g-lte-smartphone-free-gift-silver-44643339.html
-64,IPhone 6 Plus 5.5'' 128GB IOS 4G Smartphone With Fingerprint (Refurbished)- Gold,"90,900","250,000","https://ng.jumia.is/qZf6Zudu8gCEgzKJvKeqT4JWmbw=/fit-in/220x220/filters:fill(white):sharpen(1,0,false):quality(100)/product/62/334644/1.jpg?1065",https://www.jumia.com.ng/apple-iphone-6-plus-5.5-128gb-ios-4g-smartphone-with-fingerprint-refurbished-gold-44643326.html
-66,"IPhone 6s 4.7'' (32GB+2GB) Smartphone With Fingerprint Sensor  (Refurbished,99%New)-Rose Gold","64,900","189,000","https://ng.jumia.is/2huqDYKa2gEtyKchLubxcv3LFMc=/fit-in/220x220/filters:fill(white):sharpen(1,0,false):quality(100)/product/52/205344/1.jpg?2992",https://www.jumia.com.ng/apple-iphone-6s-4.7-32gb2gb-smartphone-with-fingerprint-sensor-refurbished99new-rose-gold-44350225.html
-72,IPhone 4S - Black - 16GB - 512MB RAM - 3.5 Inch IOS,"13,000","45,999","https://ng.jumia.is/d1GknlUOpRAd6O67cVDeIZ8ZTwA=/fit-in/220x220/filters:fill(white):sharpen(1,0,false):quality(100)/product/14/681314/1.jpg?8241",https://www.jumia.com.ng/apple-iphone-4s-black-16gb-512mb-ram-3.5-inch-ios-41318641.html
-59,"IPhone 5 - IOS 16GB 4.0"" 4G Smartphone - 99% New","18,800","45,999","https://ng.jumia.is/kNimKozp9A_ur1GEeQffzxiME3k=/fit-in/220x220/filters:fill(white):sharpen(1,0,false):quality(100)/product/01/186414/1.jpg?7318",https://www.jumia.com.ng/apple-iphone-5-ios-16gb-4.0-4g-smartphone-99-new-41468110.html
-71,IPhone 4s 3.5Inch 16GB ROM+512MB RAM-8MP(Refurbished)-White,"12,500","42,900","https://ng.jumia.is/lLTc5vhvtAC0UsHi3k73sDPWNf4=/fit-in/220x220/filters:fill(white):sharpen(1,0,false):quality(100)/product/92/216143/1.jpg?7258",https://www.jumia.com.ng/apple-iphone-4s-3.5inch-16gb-rom512mb-ram-8mprefurbished-white-34161229.html
-52,"IPhone 8 Plus (256GB ROM, 3GBRAM) 5.5 Inch HD IOS 11.0 12MP Smartphone - Silver","211,900","441,286","https://ng.jumia.is/IPMxvfhLESuJKT20YWjFoYbILlc=/fit-in/220x220/filters:fill(white):sharpen(1,0,false):quality(100)/product/71/005172/1.jpg?2228",https://www.jumia.com.ng/apple-iphone-8-plus-256gb-rom-3gbram-5.5-inch-hd-ios-11.0-12mp-smartphone-silver-27150017.html
-54,"IPhone X Mobile Phone (64GB ROM, 3GB RAM) 5.8 Inch IOS 11.0 With Tempered Glass Smartphone - White","227,200","493,714","https://ng.jumia.is/1pmdaOK-nEtwUwVVBMTfx_AaO00=/fit-in/220x220/filters:fill(white):sharpen(1,0,false):quality(100)/product/45/819432/1.jpg?7547",https://www.jumia.com.ng/apple-iphone-x-mobile-phone-64gb-rom-3gb-ram-5.8-inch-ios-11.0-with-tempered-glass-smartphone-white-23491854.html
-60,"IPhone 6Plus 5.5-Inch  Fingerprint Sensor HD (1GB, 64GB ROM) IOS 1.2 8MP+7MP Smartphone–Gold","79,990","199,976","https://ng.jumia.is/7nP4-hyzt5-iMGGIFIgtG8ekJ2k=/fit-in/220x220/filters:fill(white):sharpen(1,0,false):quality(100)/product/94/005572/1.jpg?5209",https://www.jumia.com.ng/iphone-6plus-5.5-inch-fingerprint-sensor-hd-1gb-64gb-rom-ios-1.2-8mp7mp-smartphonegold-apple-mpg870085.html
-51,"IPhone 6Plus 5.5-Inch Fingerprint Sensor HD (1GB, 16GB ROM)IOS 1.2 8MP+7MP Smartphone–Silver","98,590","199,976","https://ng.jumia.is/9JsVMR2mAMi5I9c--usCurzN_10=/fit-in/220x220/filters:fill(white):sharpen(1,0,false):quality(100)/product/10/005442/1.jpg?6773",https://www.jumia.com.ng/apple-iphone-6plus-5.5-inch-fingerprint-sensor-hd-1gb-16gb-romios-1.2-8mp7mp-smartphonesilver-24450001.html
-63,IPhone 6s - 4.7 Inch 4G LET Smartphone 2GB+16GB 12MP Finger Sensor HD- Rose Gold,"70,000","189,000","https://ng.jumia.is/0o-B6jcNfziwZsx1G12DxzqGn4Q=/fit-in/220x220/filters:fill(white):sharpen(1,0,false):quality(100)/product/51/916742/1.jpg?2875",https://www.jumia.com.ng/apple-iphone-6s-4.7-inch-4g-let-smartphone-2gb16gb-12mp-finger-sensor-hd-rose-gold-24761915.html
-62,IPhone 7-4.7 Inch Smartphone  2GB+32GB 12MP Finger Sensor 4G LTE (gift) HD-Matte Black,"152,900","400,000","https://ng.jumia.is/z-nCR9bK-i6GsqHXPab_casConY=/fit-in/220x220/filters:fill(white):sharpen(1,0,false):quality(100)/product/52/125572/1.jpg?2729",https://www.jumia.com.ng/apple-iphone-7-4.7-inch-smartphone-2gb32gb-12mp-finger-sensor-4g-lte-gift-hd-matte-black-27552125.html
-70,IPhone 5C 8GB Green 4G LTE  4-inch Screen (Gift:accessories) Smart Phone,"25,100","84,000","https://ng.jumia.is/2BTbc8xnc68CnsHlpcV1t0J4618=/fit-in/220x220/filters:fill(white):sharpen(1,0,false):quality(100)/product/89/884193/1.jpg?6569",https://www.jumia.com.ng/apple-iphone-5c-8gb-green-4g-lte-4-inch-screen-giftaccessories-smart-phone-39148898.html
-53,IPhone 6sP - 5.5 Inch 4G LET Smartphone 2GB+16GB 12MP Finger Sensor HD- Gold,"139,000","293,000","https://ng.jumia.is/8-fU3aAMUJkwMmoGVCZ-HWHhiS8=/fit-in/220x220/filters:fill(white):sharpen(1,0,false):quality(100)/product/08/921472/1.jpg?3683",https://www.jumia.com.ng/apple-iphone-6sp-5.5-inch-4g-let-smartphone-2gb16gb-12mp-finger-sensor-hd-gold-27412980.html
-65,IPhone 7 256G 4.7 Inch IOS Smartphone (Refurbished) - Gold,"139,500","400,000","https://ng.jumia.is/l5bz-JEI3Nk9H3--ti_ZvT3mogk=/fit-in/220x220/filters:fill(white):sharpen(1,0,false):quality(100)/product/56/193324/1.jpg?9395",https://www.jumia.com.ng/apple-iphone-7-256g-4.7-inch-ios-smartphone-refurbished-gold-42339165.html
-60,Phone 5 4.0'' 16GB ROM+1GB RAM 8MP+1.2MP 95% New,"18,600","45,999","https://ng.jumia.is/ulI6KzifkCp5__u-dAsNuLRf5yQ=/fit-in/220x220/filters:fill(white):sharpen(1,0,false):quality(100)/product/63/411214/1.jpg?4310",https://www.jumia.com.ng/apple-phone-5-4.0-16gb-rom1gb-ram-8mp1.2mp-95-new-41211436.html
-51,Iphone 6S Plus 128GB 5.5 Inch IOS Smartphone (Refurbished) - Silvery,"109,990","225,000","https://ng.jumia.is/8Hi0WN3Vsn4mcOcEwUtcgXLSKtQ=/fit-in/220x220/filters:fill(white):sharpen(1,0,false):quality(100)/product/27/447224/1.jpg?1598",https://www.jumia.com.ng/apple-iphone-6s-plus-128gb-5.5-inch-ios-smartphone-refurbished-silvery-42274472.html
-51,Apple IPhone X - 5.8'' - 3GB RAM + 256GB ROM - (12MP + 12MP) + 7MP Smartphone - White,"238,260","486,571","https://ng.jumia.is/Ewj_zSNzwy7AaChL0YjQTdfjpTY=/fit-in/220x220/filters:fill(white):sharpen(1,0,false):quality(100)/product/87/361963/1.jpg?0595",https://www.jumia.com.ng/apple-apple-iphone-x-5.8-3gb-ram-256gb-rom-12mp-12mp-7mp-smartphone-white-36916378.html
-55,IPhone 5 32GB+1GB 4'' Mobile Phone 8MP Refurbished,"27,000","59,999","https://ng.jumia.is/YunWm5CKXMnrVJwTvSRUCoYsLcY=/fit-in/220x220/filters:fill(white):sharpen(1,0,false):quality(100)/product/13/143752/1.jpg?3374",https://www.jumia.com.ng/apple-iphone-5-32gb1gb-4-mobile-phone-8mp-refurbished-25734131.html
-52,IPhone 7 4.7 Inch 2GB + 32GB 12MP + 7MP Finger Sensor 4G LTE Smartphone (Gift) – Gold,"95,000","198,900","https://ng.jumia.is/1gVE96xriyVyTClQATBKJVGRufU=/fit-in/220x220/filters:fill(white):sharpen(1,0,false):quality(100)/product/43/430124/1.jpg?6484",https://www.jumia.com.ng/apple-iphone-7-4.7-inch-2gb-32gb-12mp-7mp-finger-sensor-4g-lte-smartphone-gift-gold-42103434.html
-52,"IPhone 8 Plus 5.5-Inch HD (3GB,256GB ROM) IOS 11, 12MP + 7MP 4G Smartphone 5.5 Inch HD IOS 11.0 12MP 4G Smartphone(Gold)","211,900","441,286","https://ng.jumia.is/Cj90vASloP-VKkvxIo8rVgCJSWM=/fit-in/220x220/filters:fill(white):sharpen(1,0,false):quality(100)/product/23/544391/1.jpg?0754",https://www.jumia.com.ng/apple-iphone-8-plus-5.5-inch-hd-3gb256gb-rom-ios-11-12mp-7mp-4g-smartphone-5.5-inch-hd-ios-11.0-12mp-4g-smartphonegold-19344532.html
